<?xml version = "1.0" encoding = "UTF-8"?>
<jbossesb xmlns="http://anonsvn.labs.jboss.com/labs/jbossesb/trunk/product/etc/schemas/xml/jbossesb-1.0.1.xsd" parameterReloadSecs="5" >

    <providers>
          <fs-provider name="FSprovider1">
          	<fs-bus busid="helloFileChannel" >
          		<fs-message-filter
          			directory="@INPUTDIR@"
          			input-suffix=".dat"
          			work-suffix=".esbWorking"
          			post-delete="false"
          			post-directory="@OUTPUTDIR@"
          			post-suffix=".sentToEsb"
          			error-delete="false"
          			error-directory="@ERRORDIR@"
          			error-suffix=".IN_ERROR"
          		/>
          	</fs-bus>
          </fs-provider>
          
          <jms-provider name="JBossMessaging" 
          		connection-factory="ConnectionFactory"
            	 >
            
			    <jms-bus busid="quickstartEsbChannel">
			        <jms-message-filter
			            dest-type="QUEUE"
			            dest-name="queue/quickstart_helloworld_file_esb"
			            selector="type='fromHelloworldFileAction'"
			        />
			    </jms-bus>
			
		   </jms-provider>

      </providers>
      
      <services>
          
        <service 
			category="myCategory"
			name="myFileListener"
        	description="Hello World File Action (esb listener)" >
            <listeners>
            	<fs-listener name="FileGateway"
            		busidref="helloFileChannel"
            		is-gateway="true"
            		poll-frequency-seconds="10"
            	/>
                <jms-listener name="helloWorldFileAction"
                              busidref="quickstartEsbChannel"
                />
            </listeners>
            <actions mep="OneWay">       
               	<action name="testAction" class="org.jboss.soa.esb.actions.SystemPrintln" /> 
                     <action name="action1" 
                   	class="org.jboss.soa.esb.samples.quickstart.helloworldfileaction.MyAction" 
                   	process="displayMessage,playWithMessage" 
                   	/>      
                   	<action name="dump" class="org.jboss.soa.esb.actions.SystemPrintln">
                   		<property name="printfull" value="true"/>
                   	</action>
                        <!-- The next action is for Continuous Integration testing -->
                   	<action name="testStore" class="org.jboss.soa.esb.actions.TestMessageStore" />
            </actions>
        </service>
      </services>
     
</jbossesb>
