<?xml version = "1.0" encoding = "UTF-8"?>
<jbossesb
	xmlns="http://anonsvn.labs.jboss.com/labs/jbossesb/trunk/product/etc/schemas/xml/jbossesb-1.0.1.xsd"
	parameterReloadSecs="5">

	<providers>
		<jms-provider name="JBossMQ"
			connection-factory="ConnectionFactory">
				<jms-bus busid="quickstartGwChannel">
                  		<jms-message-filter
                      		dest-type="QUEUE"
                      		dest-name="queue/quickstart_webservice_consumer1_Request_gw"
                   		/>
              			</jms-bus>

				<jms-bus busid="quickstartEsbChannel">
				<jms-message-filter dest-type="QUEUE"
					dest-name="queue/quickstart_webservice_consumer1_esb" />
			</jms-bus>

		</jms-provider>
	</providers>

	<services>
		<service category="MyServiceCategory" name="WebserviceConsumer1"
			description="Helloworld Webservice Consumer">
			<listeners>
				<jms-listener name="JMS-ESBListener"
					busidref="quickstartEsbChannel"/>
		                <jms-listener name="JMS-Gateway"
       				        busidref="quickstartGwChannel"
                    			is-gateway="true"
                			/>
	
			</listeners>
			<actions mep="OneWay">
				<action name="request-mapper"
					class="org.jboss.soa.esb.samples.quickstart.webservice_consumer1.MyRequestAction">
				</action>
				<action name="soapui-client-action"
					class="org.jboss.soa.esb.actions.soap.SOAPClient">
					<property name="wsdl"
						value="http://127.0.0.1:8080/Quickstart_webservice_consumer1/HelloWorldWS?wsdl" />
					<property name="responseAsOgnlMap" value="true" />	
					<property name="SOAPAction" value="sayHello"/>				
				</action>
				<action name="response-mapper"
					class="org.jboss.soa.esb.samples.quickstart.webservice_consumer1.MyResponseAction">
				</action>
				<action name="testStore" class="org.jboss.soa.esb.actions.TestMessageStore"/>
			</actions>
		</service>
	</services>

</jbossesb>
