<?xml version="1.0" encoding="UTF-8"?>
<server>
    <mbean code="org.jboss.jms.server.destination.QueueService"
           name="jboss.esb.quickstart.destination:service=Queue,name=quickstart_transform_pojo_gw"
           xmbean-dd="xmdesc/Queue-xmbean.xml">
        <depends optional-attribute-name="ServerPeer">jboss.messaging:service=ServerPeer</depends>
		<depends>jboss.messaging:service=PostOffice</depends>
    </mbean>
    <mbean code="org.jboss.jms.server.destination.QueueService"
           name="jboss.esb.quickstart.destination:service=Queue,name=quickstart_transform_pojo_esb"
           xmbean-dd="xmdesc/Queue-xmbean.xml">
        <depends optional-attribute-name="ServerPeer">jboss.messaging:service=ServerPeer</depends>
		<depends>jboss.messaging:service=PostOffice</depends>
    </mbean>
	<mbean code="org.jboss.jms.server.destination.QueueService"
			name="jboss.esb.quickstart.destination:service=Queue,name=quickstart_simple_transformation_Response"
			xmbean-dd="xmdesc/Queue-xmbean.xml">
		<depends optional-attribute-name="ServerPeer">jboss.messaging:service=ServerPeer</depends>
		<depends>jboss.messaging:service=PostOffice</depends>
	</mbean>

</server>

