<?xml version="1.0"?>
<jbossesb-deployment>
  <depends>jboss.esb:deployment=soap.esb</depends>
  <depends>jboss.esb.quickstart.destination:service=Queue,name=quickstart_webservice_producer_gw</depends>
  <depends>jboss.esb.quickstart.destination:service=Queue,name=quickstart_webservice_producer_esb</depends>
  <jmsQueue>quickstart_webservice_producer_gw</jmsQueue>
  <jmsQueue>quickstart_webservice_producer_esb</jmsQueue>
  <jmsQueue>quickstart_webservice_producer_esb_reply</jmsQueue>
</jbossesb-deployment>
