<?xml version = "1.0" encoding = "UTF-8"?>
<jbossesb
        xmlns="http://anonsvn.labs.jboss.com/labs/jbossesb/trunk/product/etc/schemas/xml/jbossesb-1.0.1.xsd"
        parameterReloadSecs="5">

    <providers>
        <jms-provider name="JBossMQ" connection-factory="ConnectionFactory">
            <jms-bus busid="quickstartGwChannel">
                <jms-message-filter dest-type="QUEUE" dest-name="queue/quickstart_webservice_producer_gw"/>
            </jms-bus>
            <jms-bus busid="quickstartEsbChannel">
                <jms-message-filter dest-type="QUEUE" dest-name="queue/quickstart_webservice_producer_esb"/>
            </jms-bus>
        </jms-provider>

        <jbr-provider name="JBR-Http" protocol="http" host="localhost">
            <jbr-bus busid="Http-1" port="8765" />
        </jbr-provider>

        <jbr-provider name="JBR-Socket" protocol="socket" host="localhost">
            <jbr-bus busid="Socket-1" port="8888" />
        </jbr-provider>

    </providers>

    <services>

        <service category="MyServiceCategory" name="MyWSProducerService" description="WS Frontend speaks natively to the ESB">

            <listeners>
                <jms-listener name="JMS-Gateway" busidref="quickstartGwChannel" is-gateway="true"/>
                <jbr-listener name="Http-Gateway" busidref="Http-1" is-gateway="true"/>
                <jbr-listener name="Socket-Gateway" busidref="Socket-1" is-gateway="true"/>

                <jms-listener name="JMS-ESBListener" busidref="quickstartEsbChannel"/>
            </listeners>
            <actions>
                <action name="print-before" class="org.jboss.soa.esb.actions.SystemPrintln">
                    <property name="message"
                              value="[Quickstart_webservice_producer] BEFORE invoking jbossws endpoint"/>
                </action>
                <action name="JBossWSAdapter" class="org.jboss.soa.esb.actions.soap.SOAPProcessor">
                    <property name="jbossws-endpoint" value="GoodbyeWorldWS"/>
                </action>
                <action name="print-after" class="org.jboss.soa.esb.actions.SystemPrintln">
                    <property name="message"
                              value="[Quickstart_webservice_producer] AFTER invoking jbossws endpoint"/>
                </action>
		<action name="testStore" class="org.jboss.soa.esb.actions.TestMessageStore"/>	
            </actions>
        </service>

    </services>

</jbossesb>
