<?xml version='1.0' encoding='UTF-8'?>
<smooks-resource-list xmlns="http://www.milyn.org/xsd/smooks-1.0.xsd">

	<resource-config selector="OrderLine">
        <resource type="xsl">
            <![CDATA[<line-item>
                <product><xsl:value-of select="./Product/@productId" /></product>
                <price><xsl:value-of select="./Product/@price" /></price>
                <quantity><xsl:value-of select="@quantity" /></quantity>
            </line-item>]]>
        </resource>
        <param name="is-xslt-templatelet">true</param>
	</resource-config>

</smooks-resource-list>
